execution_time,n_elements
2.09808349609375e-05,250
2.956390380859375e-05,350
4.38690185546875e-05,500
8.893013000488281e-05,1000
